Year,Month,Number,UTME,UTMN,House_dens,Road_Dist,Water_Dist,Dist_Farm,Dist_Forest,TE
2017,5,1011730,448963,5078307,12,0.110976648,0.228836387,0.063529317,0.09086052,5.094759766
2017,5,1011731,432096,5063562,7,0.024533001,0.06212951,0.069137834,0.052777483,20.95030078
2017,5,1011732,443232,5079877,12,0.01071426,0.086875812,0.03266607,0.080341525,7.941709961
2017,6,1012025,423722,5093336,7,0.001468872,0.158495689,0.104365442,0.01683317,19.5285
2017,5,1012026,453188,5065750,11,0.059958747,0.04234175,0.074485547,0.037689856,19.02359961
2017,5,1012049,443022,5079472,12,0.050649043,0.148593914,0,0.051230689,8.688589844
2017,6,1012118,673174,5107660,10,0.024043737,0.302765065,3.182429609,0.089100947,14.37359961
2017,6,1012120,395998,5026284,7,0.013556545,0.13121979,0.019124621,0,15.0257002
2017,5,1012171,477867,4954711,31,0.004190566,0.314483283,1.936625856,0.064348759,28.32259961
2017,5,1012179,485973,4958541,21,0.030453062,0.159496922,1.168108431,0.014302514,25.66980078
2017,6,1012194,470143,4946156,89,0.02776732,0.108199542,0.802693448,0.081212031,20.31469922
2017,6,1012498,449143,5079093,12,0.046308503,0.064468637,0.058547782,0.071388042,12.88690039
2017,6,1012512,448951,5078317,12,0.09792945,0.213301826,0.066457281,0.096937295,5.072430176
2017,6,1012515,408811,5076795,16,0.148176191,0.077366081,0.160291665,0.037423001,10.6742998
2017,6,1012574,469639,4961367,18,0.005903357,0.094716042,10.88687856,0.006236707,31.237
2017,6,1012578,475528,4952525,34,0.013523227,0.228615693,4.80382274,0.058928624,19.71369922
2017,6,1012634,499673,4958700,12,0.018255439,0.063522069,0.35926743,0.070546364,17.62409961
2017,7,1012890,394989,5026834,7,0.03371248,0.263524749,0.607014375,0,13.4397002
2017,7,1012891,395811,5027468,7,0.008063069,0.110284942,0.744992626,0.062924258,14.45459961
2017,7,1012893,421591,5028804,3,0.020698416,0.155998513,0.524377454,0,18.74680078
2017,7,1012980,390948,5030749,8,0.010592361,0.283945024,0.097676847,0,18.11269922
2017,7,1013052,433817,5086784,11,0.226524971,0.063081527,0,0.102845955,6.930810059
2017,7,1013070,576920,5011078,5,0.037729476,0.285771531,1.973619685,0,22.16759961
2017,7,1013072,449027,5078061,12,0.203955931,0.194228791,0,0.218928403,5.982379883
2017,6,1013156,448659,5078884,12,0.066637916,0.08239097,0.082885669,0.254312622,7.075479981
2017,9,1013599,488113,4959171,20,0.029170447,0.216450393,0.923962552,0,19.37609961
2017,8,1013600,476784,4955668,31,0.147220843,0.001799223,3.148382792,0,23.99469922
2017,8,1013601,477239,4955863,31,0.482104639,0.256650435,2.783223552,0,28.32890039
2017,8,1013605,476780,4955647,31,0.139291864,0.012107345,3.146448901,0,23.65530078
2017,8,1013607,476670,4955627,31,0.027488878,0.01504617,3.247235947,0,22.83069922
2017,8,1013615,481274,4956971,26,0.029607239,0.026023415,1.879482859,0.034174762,17.44919922
2017,9,1013618,395429,5027286,7,0.045891103,0.150281274,0.694140408,0,15.32340039
2017,8,1013619,471695,4958495,28,0.001625916,0.193624782,8.917903533,0.188515198,22.16619922
2017,7,1013645,464109,4947832,136,0.021594467,0.002994604,0.936865787,0.002988959,18.19340039
2017,7,1013648,481923,4956005,27,0.039955553,0.176535106,1.35710445,0.03398739,20.85559961
2017,7,1013649,478828,4954468,30,0.000469202,0.137799251,1.006926513,0.039229982,22.65730078
2017,8,1013665,408157,5075141,16,0.024655882,0.158764974,0,0.174097946,8.100779785
2017,9,1013753,538368,5048984,33,0.088538402,0.188905723,0.611381581,0.067730615,27.84830078
2017,7,1013813,683358,5112741,10,0.041602452,0.068112037,0.516230725,0.035522228,27.84669922
2017,10,1014098,486809,4959124,20,0.204750031,0.137233065,0.952332002,0,20.15190039
2017,8,1014104,478984,4946172,28,0.322273258,0.154836708,3.653386909,0.042167849,26.28469922
2017,9,1014264,647063,5092177,8,0.229717412,0.146745527,1.485686201,0.047493046,17.72559961
2017,9,1014328,626694,5054824,14,0.004575754,0.008571689,2.27921022,0.04146001,13.2267998
2017,8,1015020,430124,5091757,9,0.119399954,0.0349673,0.168981168,0.032837459,9.397339844
2017,11,1015386,582332,5056796,19,0.19131397,0.024703054,0.067134017,0.016671106,28.56480078
2018,3,1015902,437983,4956537,101,0.843623697,0.229368174,3.178345076,0.010683039,17.62640039
2018,3,1015986,447140,4958880,121,0.019447879,0.32431398,3.625558354,0.042935155,8.112479981
2018,3,1015990,437678,4956365,101,0.675781041,0.032987744,3.102222379,0.053244852,16.71490039
2018,3,1016001,437719,4956100,101,0.408922993,0.258441159,2.839661748,0.059723732,15.96259961
2018,3,1016243,437943,4956402,101,0.703808181,0.097277784,3.057561355,0.040616471,16.41909961
2018,3,1016246,437734,4956279,101,0.580334391,0.07911569,3.002344296,0.013242449,15.9405
2018,4,1016390,444649,4969112,61,0.019891677,0.145551219,2.34718356,0.094866412,20.274
2018,5,1016397,584179,5027654,6,0.000227405,0.156898674,0.741313311,0.003617372,17.87709961
2018,5,1016418,431530,5064556,7,0.3345824,0.016962384,0.26927241,0.221352614,14.5022998
2018,5,1016419,449197,5079101,12,0.05312293,0.070830845,0.06535714,0.018723894,13.09790039
2018,5,1016424,432085,5065899,7,0.023460092,0.081564862,0.040167718,0.094270656,14.4857002
2018,5,1016509,671377,5115302,8,0.023999973,0.081205879,0.022476539,0,30.23859961
2018,5,1016524,408806,5074313,16,0.037349352,0.186340189,0.046860498,0.046860498,14.4947998
2018,5,1016547,685346,5137522,3,0.899868715,0.192033179,1.733259663,0,12.7825
2018,5,1016580,615266,5026581,7,0.001715909,0.01954381,2.395082897,0.008748255,25.24890039
2018,5,1016715,478489,5025033,41,0.033392398,0.085802541,0.285121389,0.709661786,0
2018,5,1016718,445353,4968009,61,0.035549,0.089026845,1.311199262,0.069285905,23.23440039
2018,5,1016721,541834,5010134,0,0.645664002,0.013277891,3.670601029,0.013100372,17.6865
2018,5,1016722,542768,5008046,0,0.598709368,0.027088924,5.737645337,0,28.87990039
2018,5,1016733,405311,5069303,17,0.041745971,0.285158579,0.216444301,0,14.0577998
2018,5,1016747,395053,5026826,7,0.042033816,0.317711472,0.631100005,0,13.44459961
2018,5,1016848,519074,4986934,1,1.338588414,0.047886085,11.08038165,0,18.24
2018,6,1017016,395637,5027165,7,0.01485439,0.177426495,0.48601809,0,13.34009961
2018,6,1017038,394956,5026892,7,0.017380769,0.266654534,0.611900608,0,12.7537002
2018,6,1017087,458728,4976062,22,0.105610877,0.11722511,0.990580524,0,21.39480078
2018,6,1017164,396428,5029040,7,0.009693767,0.087517875,0.372388904,0.475702101,6.110129883
2018,6,1017166,396404,5029102,7,0.073061834,0.150420444,0.306430948,0.528938333,5.966560059
2018,6,1017167,396389,5029041,7,0.034894942,0.119273438,0.345842312,0.509293209,5.895620117
2018,6,1017169,396221,5028819,7,0.002150672,0.240181789,0.324558697,0.412013718,7.016330078
2018,6,1017222,417209,5054490,9,0.052695821,0.220460621,0.429413831,0.09860555,3.045699951
2018,6,1017223,418741,5056131,9,0.001032607,0.353928231,0.059168447,0.079384983,13.9142002
2018,6,1017232,442011,5075265,14,0.000275488,0.188742162,0.227405604,0.008942455,19.49369922
2018,6,1017234,432472,5064658,7,0.05011816,0.146863315,0.338835836,0.180428008,7.479339844
2018,6,1017246,405265,5074473,16,0.000597386,0.771608134,0.449626127,0.432767775,5.969729981
2018,6,1017248,417482,5054750,9,0.019187063,0.115912748,0.566923284,0.176902101,2.382429932
2018,6,1017249,416999,5054642,9,0.025378625,0.277031672,0.647610257,0.136131408,4.01002002
2018,6,1017339,396476,5028820,7,0.053953921,0.079918695,0.506279095,0.312426949,7.391810059
2018,6,1017341,395673,5028594,7,0.068810129,0.03051401,0.327422484,0.021426097,9.365679688
2018,6,1017406,446235,5078112,12,0.067130382,0.1150033,0.182243785,0.067380767,10.97709961
2018,6,1017408,433348,4952427,68,0.782038876,0.313768036,2.348059463,0.002265871,28.15059961
2018,6,1017409,441007,4932462,53,0.049648729,0.259100939,7.773094122,0.047531108,15.1082998
2018,6,1017416,433417,4952311,68,0.661368153,0.32167382,2.338534179,0,28.669
2018,6,1017425,417936,5055648,9,0.017059893,0.821045935,0.268979414,0.620927042,1.271709961
2018,6,1017427,578767,5037667,11,0.008371129,0.102521718,0.074719813,0.000245589,18.71880078
2018,6,1017548,576401,5029647,7,0.065566415,0.03324637,0.205466015,0.016085375,18.48840039
2018,7,1017601,457289,5027675,12,0.004038617,0.214575382,0.072003534,0.076092262,14.9942998
2018,5,1017694,441573,4934823,77,0.041557861,0.333030999,6.091301303,0,19.622
2018,6,1017742,415864,5053718,9,0.029498275,0.167328663,0.233869757,0.050732868,13.5892998
2018,6,1017747,453853,5080147,11,0.032088456,0.201076197,0.022570462,0.089609722,13.40009961
2018,6,1017749,417244,5056894,10,0.028660925,0.086900981,0.144466319,0.081154602,19.35559961
2018,6,1017750,479201,5071747,12,0.028739613,0.08561022,0,0.214384351,22.40040039
2018,6,1017754,409023,5072995,17,0.037268814,0.038464897,0.192875723,0.016466441,19.02209961
2018,6,1017759,431773,5064274,7,0.03739438,0.110150877,0.149792611,0.344298444,17.05709961
2018,6,1017761,447343,5077941,12,0.087161525,0.097184701,0.135397598,0.078611196,7.377970215
2018,6,1017777,439256,5067935,12,0.026620183,0.217445239,0,0.123638152,17.903
2018,6,1017778,449016,5076116,12,0.054626184,0.257475609,0,0.215588936,10.2717998
2018,6,1017787,412405,5056117,10,0.936701128,0.012807946,1.18632326,0,17.87530078
2018,6,1017789,417557,5054614,9,0.062652076,0.139324336,0.412932227,0.024374458,3.057729981
2018,6,1017790,415921,5053724,9,0.019879632,0.175336097,0.245161299,0.034967126,13.401
2018,6,1017792,415429,5054168,9,0.026467649,0.496134281,0.077650519,0.04185333,16.542
2018,6,1017795,409098,5076670,16,0.033402962,0.258634487,0.043270628,0.136805217,10.72590039
2018,6,1017796,445083,5061826,8,0.084928827,0.176768456,0.097472311,0.104738325,18.80709961
2018,7,1017892,361171,4870060,15,0.024553169,0.015291305,3.965733339,0,17.57969922
2018,7,1017893,359763,4869486,15,0.154033061,0.355547459,3.931613033,0.065878635,21.13769922
2018,7,1018013,585197,5049952,21,0.028931691,0.186906864,0.075522315,0.077330808,12.18959961
2018,7,1018064,650308,5131775,9,0.044406613,0.009540734,0.045140496,0,22.79219922
2018,7,1018082,581351,5051260,20,0.035149342,0.105764844,0.144376051,0.036405623,16.0245
2018,7,1018093,637229,5131775,8,0.270727407,0.110274844,0.119145012,0,17.75190039
2018,7,1018099,629695,5053036,13,0.004039619,0.493120475,5.76193465,0.185953908,20.88730078
2018,7,1018152,671383,5109422,9,0.054287657,0.223918773,1.012867776,0.029391815,23.91540039
2018,5,1018244,441765,4934751,77,0.054315988,0.413287375,6.271413194,0.128935555,17.0465
2018,6,1018279,457619,4975031,25,0.082703311,0.111625803,1.398256767,0.096199695,20.2765
2018,7,1018364,409890,5072853,17,0.002009209,0.155722106,0.009138614,0.188610583,18.36559961
2018,7,1018409,414584,5074794,16,0.034893069,0.114565499,0,0.156211885,20.45240039
2018,7,1018421,421211,5092981,7,0.037503562,0.177466498,0.189718338,0.046915492,18.98959961
2018,7,1018438,449248,5077621,12,0.039443158,0.041409266,0.064606277,0.445417126,9.478219727
2018,8,1018569,563056,5066093,5,0.065253892,0.370381856,0.631692922,0,17.7905
2018,8,1018670,435327,4945815,71,0.754460266,0.177629268,6.358192188,0.013077899,21.89719922
2018,8,1018684,404958,5073754,16,0.069537833,0.183978337,0.382385406,0.074887565,13.7995
2018,8,1018711,521420,5044236,43,0.001575977,0.102884865,0.254462478,0.003202109,13.8497998
2018,8,1018712,507208,5050788,12,0.054054634,0.071773706,0.270528735,0.041817112,21.35240039
2018,8,1018713,524670,5062489,27,0.107292607,0.079454353,0.322042624,0.012200558,25.96230078
2018,7,1018784,446189,4938784,128,0.025715331,0.160345088,4.290500603,0.053085317,22.781
2018,7,1018787,460638,4948636,172,0.07337567,0.033716922,2.855182107,0.57069573,7.23775
2018,7,1018789,437781,4946977,115,0.002119219,0.328819435,6.395093192,0.123464834,15.4837998
2018,7,1018793,437494,4955887,105,0.382941342,0.21722884,2.736750998,0.04651819,16.85880078
2018,6,1018808,431784,4950743,45,0.397656088,0.14533709,0.415961064,0.023234852,24.37580078
2018,7,1018810,440399,4951271,127,0.0468215,0.144148878,1.845233327,0.2360434,10.399
2018,7,1018811,434515,4947182,71,0.202061748,0.28827344,4.893450766,0,21.11169922
2018,7,1018814,460295,4951192,170,0.027774713,0.43165647,4.034556549,0.054868732,27.42119922
2018,7,1019269,407045,5069872,17,0.030102065,0.036401499,0.058305862,0,11.2862002
2018,9,1019297,407035,5077421,16,0.190178508,0.237956113,0.022090576,0.151533379,0.846359985
2018,7,1019312,432836,5064897,7,0.003811689,0.008316033,0.1805737,0.212444956,6.880580078
2018,6,1019329,456096,5049462,7,0.082769776,0.031182734,0.816157484,0.03611887,15.2205
2018,6,1019332,431923,5063569,7,0.018985525,0.082678868,0.173234926,0.057536063,21.03630078
2018,6,1019338,409222,5072659,17,0.009955833,0.135796125,0.140796538,0.101664507,18.75140039
2018,9,1019347,443140,5079987,12,0.055404479,0.22876564,0.094574582,0.062865877,8.194349609
2018,7,1019376,448973,5078335,12,0.087073583,0.216675671,0.046690965,0.068565545,5.133009766
2018,9,1019388,408757,5074330,16,0.005178223,0.142909529,0.092316557,0.061249145,14.8407002
2018,9,1019395,362458,4990120,28,0.020933098,0.184154338,0.061161822,0.061161822,12.91109961
2018,10,1019485,526882,5033426,23,0.120216437,0.124021017,0.391259178,0,18.405
2018,10,1019509,600762,5024906,3,0.193924968,0.036905655,0.394604827,0,14.99190039
2018,10,1019561,604050,5034673,5,0.002828552,0.157416101,1.971566351,0.0061769,25.18669922
2018,8,1019575,385027,4990433,44,0.002117617,0.103068563,1.55233084,0.093376194,18.73980078
2018,8,1019601,378768,4991089,40,0.39536724,0.15749622,0.939235731,0.03554762,17.493
2018,10,1019677,454111,5080051,11,0.115535467,0.283228214,0,0.01388027,13.32190039
2018,7,1019855,445861,4968754,63,0.064412842,0.071854577,2.18421754,0.023590153,21.07040039
2018,5,1019898,432204,5064772,7,0.001087542,0.123070369,0.047752641,0.393784884,8.785360352
2018,5,1019902,415093,5067015,21,0.0028508,0.143547148,0.07744936,0.06339535,20.57919922
2018,5,1019904,414072,5068545,22,0.006318229,0.416636352,0.087589842,0.039852173,20.33780078
2018,9,1020058,434002,4952096,93,0.117719944,0.543568029,2.75560347,0.036735446,27.04380078
2018,6,1020142,499992,4956624,12,0.104235316,0.122281072,1.965954505,0.013597105,18.99040039
2018,11,1020151,626441,5031694,7,0.1193618,0.111562439,0.036431456,0,24.95009961
2018,7,1020154,510922,4952887,7,0.002741403,0.059288939,0.630548772,0.040357364,15.3667002
2018,11,1020291,419571,5093335,6,0.002525325,0.222546999,0.00912581,0.035157978,12.551
2018,5,1020315,410436,5073713,16,0.002015185,0.197119442,0.412177864,0.013908065,17.99540039
2018,12,1020385,368189,4990405,30,0.000807293,0.108268835,0.123666651,0.14089743,18.23559961
2018,8,1020509,482508,5024014,39,0.028099324,0.121381854,0,0.268294421,9.009790039
2018,10,1020572,425475,4930982,19,0.140896193,0.401637399,2.84482379,0,19.93790039
2018,9,1020733,466541,4940936,102,0.000393494,0.092024132,0.194990513,0.12863232,17.22430078
2019,1,1020812,450941,4965389,68,0.182477288,0.016365806,3.751315426,0.008894024,15.19759961
2018,9,1020905,441160,4945451,147,1.62E-05,0.152565466,6.700432973,0.203652672,18.14109961
2018,9,1020992,438885,4946165,115,0.001142373,0.054637851,6.477722888,0.044330435,25.72840039
2018,9,1020993,436499,4955123,97,0.411908017,0.386486709,2.781623654,0,26.1505
2018,9,1020994,436023,4955069,97,0.069233867,0.027816475,3.136400527,0.022805124,26.88469922
2018,9,1020995,437043,4955334,97,0.187420901,0.248255141,2.530654216,0.08262363,19.19569922
2018,9,1020999,433772,4952364,68,0.441943321,0.322614766,2.668675969,0.037837025,31.19780078
2018,5,1021205,487520,5050714,7,0.004455826,0.097587922,0.166788005,0,15.07159961
2019,3,1021304,314223,4848672,11,0.009278574,0.344526403,0.399590281,0.008150077,21.03019922
2018,12,1021348,419992,4985324,24,0.112316798,0.10057022,0,0.000656501,20.80680078
2019,5,1021824,354034,4982722,27,0.004359832,0.105002034,0.059318915,0.062160294,19.47219922
2019,4,1021955,513608,5061772,20,0.006267499,0.485078634,0.016213538,0.046284408,25.78909961
2019,5,1021957,527844,5042159,41,0.001569017,0.051979433,0.319750002,0.128262884,16.1365
2019,5,1021958,520737,5046482,47,0.136717107,0.176264318,0.212647539,0.049712649,28.682
2019,5,1022032,405306,5069311,17,0.050232333,0.293540702,0.212987631,0,14.0622002
2019,5,1022038,520576,5043776,42,0.001984271,0.505098454,0.012158705,0.011416841,18.00519922
2019,5,1022063,407516,5077586,16,0.03610335,0.026749163,0.045450103,0.60971736,2.529939941
2019,5,1022069,402123,5051509,4,0.002218771,0.1280206,0.561058015,0,14.3112002
2019,5,1022144,340073,4978951,27,0.006999699,0.086690586,0.077293691,0.006358906,25.70359961
2019,5,1022156,473514,5030871,40,0.007611733,0.097718139,0.002225473,0.072048822,17.44519922
2019,5,1022182,324377,4975226,15,0.002286711,0.31826723,0.333724314,0.009736067,11.43209961
2019,5,1022184,395889,5028534,7,0.004881054,0.133790289,0.407460678,0.129240776,9.125089844
2019,5,1022191,636583,5041421,6,0.027894057,0.258654421,2.435033585,0.033705923,17.58730078
2019,5,1022192,395217,5026905,7,0.014890149,0.41634825,0.533272805,0,13.23640039
2019,5,1022196,384632,4951045,8,0.003130629,0.470717046,0.005519499,0.014477734,18.641
2019,5,1022247,295615,4945019,16,0.00497627,0.400615282,0.468265926,0.033041183,22.99340039
2019,6,1022253,309097,4827282,7,0.011783345,0.274795294,3.16676274,0.051568938,25.18830078
2019,6,1022263,331691,4968827,15,0.000284073,0.170201755,0.067108672,0.031600599,16.61459961
2019,6,1022266,395850,5025699,7,0.00052,0.254013082,0.43121208,0.017495604,14.13140039
2019,5,1022268,395271,5025390,7,0.284699983,0.110962212,0.459888204,0,13.6065
2019,6,1022274,408036,4983065,24,0.000890478,0.255599686,0.17371867,0.221899944,5.39425
2019,5,1022284,407641,5068576,17,0.007226525,0.128003245,0.036420179,0.00233153,14.8182002
2019,6,1022294,422610,5007855,2,0.00100303,0.018378785,0.141917879,0,21.19090039
2019,5,1022310,395895,5028549,7,0.000325325,0.143965648,0.393605393,0.137032605,9.056120117
2019,5,1022340,415757,5077901,16,0.0057648,0.028742098,0.193950175,0,13.4045
2019,6,1022353,395941,5025509,7,0.002732904,0.079710379,0.610633104,0.012568264,13.171
2019,5,1022394,529263,5033391,23,0.00013152,0.097658328,0.009689741,0.093524797,24.11780078
2019,6,1022408,436501,4967243,46,0.008225894,0.316955694,1.032965723,0.014641793,23.12519922
2019,6,1022416,395199,5026812,7,0.074965812,0.32509022,0.49474385,0,13.6707998
2019,6,1022464,701579,5188784,2,0.000619025,0.098382055,5.897303014,0.006378422,13.6442998
2019,6,1022466,530058,5043899,42,0.016443423,0.126725998,0.138872621,0.045585113,23.57980078
2019,6,1022467,531374,5044089,42,0.419160294,0.313277061,0.253218373,0,27.96869922
2018,9,1022487,462014,4945218,156,0.024207448,0.166103215,0.902016793,0.633913036,6.106649902
2018,9,1022497,455767,4946359,195,0.001746126,0.148747916,2.05430042,1.226359235,0
2019,6,1022513,448681,5077655,12,0.034004283,0.150840428,0.348517636,0.570485377,2.385699951
2019,6,1022532,448464,5078112,12,0.03605559,0.106733753,0.250772166,0.608822478,3.988229981
2019,6,1022567,523737,5044535,43,0.00510378,0.0939822,1.977886629,0.086060397,21.82919922
2019,6,1022580,460105,4973528,22,0.005356667,0.173489176,0.584299057,0.074772511,23.44409961
2019,6,1022581,462089,4950837,150,0.007025877,0.209027775,2.380582047,0.053643234,32.70930078
2019,6,1022677,353407,4982357,27,0.005285444,0.146129609,0.306174052,0.009891306,18.7355
2019,6,1022711,433899,5063868,7,0.013700247,0.086808673,0.018365061,0.048152992,21.54919922
2019,5,1022737,551535,5057379,7,0.035514669,0.079464632,0.189706055,0,27.97219922
2019,6,1022743,517693,5030215,8,0.006246263,0.253310591,0.034121998,0.009783352,16.97080078
2019,6,1022745,531564,5046066,43,0.003153193,0.098357266,0.301933529,0.012640617,24.59590039
2019,6,1022746,528628,5046044,47,0.006247658,0.175498761,0.238614184,0.110848036,23.22330078
2019,6,1022748,521551,5063686,19,0.003496161,0.402296856,0.065089133,0.05551578,23.28209961
2019,6,1022749,527158,5050152,51,0.134222937,0.327251619,0.308644494,0,13.9552002
2019,6,1022750,519202,5038228,32,0.005165289,0.126691501,0.015514479,0.052872819,22.79030078
2019,6,1022751,529190,5042740,41,0.004637114,0.035075189,0.010948077,0.173761017,18.83759961
2019,6,1022755,543368,5037771,7,6.32E-05,0.146151191,0.002485752,0.005768495,26.69859961
2019,6,1022785,452074,5080394,12,0.006572887,0.064911359,0.113796567,0.125002126,11.06759961
2019,6,1022828,401192,4977850,17,0.000975121,0.186069653,0.840066365,0,22.83269922
2019,6,1022829,424613,4979262,18,0.001272339,0.404069091,0.377324718,0.102640525,22.18140039
2019,6,1022890,619971,5064973,11,0.000943639,0.01779073,2.663675887,0.058632215,19.417
2019,6,1022926,356148,4928658,11,0.030690953,0.078953501,0.271452131,0.017004414,24.32940039
2019,6,1022936,376411,4941587,11,0.002405132,0.063938111,1.079283599,0.001340933,13.9867998
2019,6,1022967,524627,5060103,39,0.004079926,0.095110099,0.210076887,0.012702218,21.11569922
2019,7,1023038,343393,4953392,3,0.003716391,0.14739215,3.724468532,0,17.35040039
2019,7,1023046,302383,4956862,15,0.007115496,0.06414911,0.39911868,0.140282629,18.54119922
2019,7,1023047,331320,4921672,5,0.005586832,0.013851326,0.159632001,0.0330068,22.03090039
2019,7,1023063,426564,4977242,17,0.143338659,0.10925592,0.539407783,0.041503926,18.50269922
2019,7,1023099,623486,5053340,14,0.018274234,0.052555422,3.040036797,0,22.09259961
2019,6,1023178,453564,4964784,67,0.211035964,0.118138845,3.64816874,0.003678474,25.27490039
2019,7,1023189,526238,5048044,51,0.006667529,0.095425858,2.374556247,0.021461095,13.3552998
2019,6,1023190,544468,5052947,14,0.110970692,0.118021241,0.208767443,0.128172869,19.31919922
2019,7,1023209,448953,5078267,12,0.146365276,0.251982428,0.049321851,0.097251783,5.018939941
2019,6,1023219,458430,4948498,185,0.00526739,0.195488651,2.652103194,0.053323954,13.8527002
2019,7,1023294,608577,5035086,7,0.012379124,0.022298917,0.018994412,0,15.519
2019,7,1023295,611474,5036645,7,0.004352429,0.021072467,1.430062768,0,18.70340039
2019,7,1023346,644137,5125053,8,0.069010192,0.136413246,0,0.002662684,22.23430078
2019,7,1023352,643837,5093225,7,0.000380149,0.047799624,0.457663386,0.01676629,26.27609961
2019,6,1023364,491257,5064553,13,0.002403357,0.073587648,0.011538939,0.037710767,18.92159961
2019,7,1023365,519392,5042314,40,0.000766999,0.244135564,0.231438999,0.007227349,25.01590039
2019,7,1023366,512896,5060305,20,0.000568308,0.151241896,0.10672258,0.005852554,16.6845
2019,6,1023368,537659,5054475,32,0.052733241,0.108025243,0.001927917,0.077625673,21.06140039
2019,6,1023370,526780,5047765,51,0.001450544,0.229336787,2.430323089,0.163232152,6.331009766
2019,7,1023373,526929,5063312,27,0.168576476,0.103586513,0.237831938,0.044111064,16.89390039
2019,7,1023384,524590,5038080,39,0.004164283,0.10245016,0.256569736,0.022741127,31.99240039
2019,7,1023448,336152,4918143,7,0.000217345,0.250395689,0.41118712,0.016167985,29.81030078
2019,7,1023451,600134,5008256,3,0.00633552,0.061544805,6.528610629,0.004024074,12.14240039
2019,7,1023469,319818,4848537,13,0.003139229,0.178907301,1.743883818,0.0021712,6.892759766
2019,7,1023479,427520,4976213,15,0.001908579,0.112489994,0.603954874,0.059188502,17.16309961
2019,7,1023480,427518,4976202,15,0.003292368,0.118755763,0.60564716,0.065647265,17.07719922
2019,5,1023526,582728,5071772,5,0.033488026,0.114133181,0,0.023899619,16.68790039
2019,5,1023532,406340,5076970,16,0.000376363,0.345327212,0.253438059,0.474351221,0.846359985
2019,5,1023539,408918,5077070,16,0.000366099,0.215548288,0.31227649,0.080761802,8.485200195
2019,6,1023544,467891,5077969,7,0.001539153,0.068341337,0.094454073,0.071120402,6.095339844
2019,6,1023618,461042,4946831,168,0.047508103,0.071644415,1.815224181,1.020174985,0
2019,7,1023652,427696,4976431,15,0.000797934,0.082772816,0.473594617,0.001346561,17.67409961
2019,7,1023667,442031,5079755,12,0.013062709,0.252467592,0.001835581,0.109576963,11.31190039
2019,7,1023681,374679,4954081,10,0.009448848,0.055526287,0.001375851,0.044613268,22.29709961
2019,7,1023691,369296,4926554,25,0.002049107,0.428711552,0.421655352,0.007720642,19.5485
2019,7,1023693,412002,4930385,18,0.0025638,0.098072213,0.932372516,0.004075253,25.83290039
2019,7,1023705,395056,5026823,7,0.045399638,0.31932259,0.627128075,0,13.4955
2019,7,1023709,384065,4959939,6,0.709414611,0.023569647,1.027113139,0.035777786,16.29059961
2019,7,1023720,396590,4950145,8,0.331167616,0.076950631,1.197907992,0.016925377,15.3907002
2019,7,1023800,511887,5062134,18,0.002953081,0.159994063,0.010100111,0.054066111,23.02119922
2019,7,1023801,515288,5067923,15,0.482059347,0.020632659,0.464785422,0.009178485,18.77490039
2019,7,1023803,552975,5057955,6,0.018899173,0.126579434,0.614393402,0.017424913,28.2405
2019,7,1023829,309522,4857638,8,0.00115051,0.086414972,0.017965617,0.002036035,24.41530078
2019,6,1023862,309305,4856699,8,0.001298228,0.136079374,0.546531335,0,23.26490039
2019,6,1023864,309097,4827283,7,0.010791067,0.274359065,3.167531254,0.051046508,25.18840039
2019,6,1023866,311450,4850866,10,0.009567726,0.174874127,0.836308474,0.030603323,28.45090039
2019,8,1023891,581920,4994558,5,0.000568781,0.184127113,0.404940683,0.007829655,23.81369922
2019,8,1023893,586598,4989812,5,0.225254991,0.072229409,5.503106745,0,20.14
2019,8,1023947,438480,4973292,20,0.005471192,0.165121262,1.12728583,0.02962782,18.89969922
2019,8,1023999,517680,5060594,23,0.015148218,0.004277274,0.546541296,0.055542109,23.46740039
2019,8,1024017,711773,5111869,71,0.000570367,0.144631265,1.162627448,0.011708057,23.71559961
2019,8,1024078,406562,5073700,16,0.036670179,0.037297005,0.151187266,0.01455057,12.03409961
2019,7,1024089,436982,4945176,85,0.347754382,0.13459462,5.363961087,0,20.91290039
2019,7,1024233,493695,4958468,15,0.050040298,0.173268428,3.411302662,0.026988588,28.001
2019,8,1024245,527077,5060542,34,0.265841724,0.085709026,0.504096965,0.011877151,15.1502002
2019,9,1024313,374242,4994133,41,0.001557236,0.176846634,0.008924777,0.064399666,20.81119922
2019,8,1024335,474769,4947236,64,0.004118676,0.040472597,1.134681761,0.070113666,20.43169922
2019,6,1024401,614261,5057439,12,0.053823581,0.272259664,0.064327924,0.019725678,30.75190039
2019,6,1024404,612291,5056814,11,0.042341171,0.092056078,0.833774444,0.035055509,27.45009961
2019,6,1024405,612291,5056814,11,0.042341171,0.092056078,0.833774444,0.035055509,27.45009961
2019,9,1024407,577953,5025992,7,0.006633938,0.018844633,0.759019341,0.004865328,16.86990039
2019,9,1024456,698059,5097620,11,0.003323069,0.111032235,0.088408141,0.078204657,16.285
2019,7,1024471,564884,5067392,5,0.062356919,0.039486201,0.00876302,0,17.48969922
2019,7,1024477,575347,5054374,17,0.231906812,0.21678672,0.24574736,0.035301789,17.87130078
2019,7,1024488,378883,4918875,40,0.025253411,0.019884228,0.562688217,0.011293302,27.75659961
2019,8,1024491,396273,4927103,34,0.003882822,0.227019489,0.079035749,0.01722908,9.60255957
2019,8,1024492,377563,4908283,38,0.427330076,0.229576659,0.230371652,0,25.7905
2019,10,1024594,522205,5058969,39,0.077242884,0.648574899,0.280114521,0.257992653,10.0365
2019,9,1024813,469380,4952894,83,0.005375901,0.063884796,5.057603732,0.43315024,10.75540039
2019,5,1025078,629616,5052883,13,1.77E-05,0.365864341,5.783287763,0.052605843,20.01159961
2019,11,1025285,528161,5050693,50,7.20E-06,0.176942619,0.72654345,0.323314804,9.937660156
2019,11,1025286,528307,5047006,50,0.121037169,0.090159178,0.997145479,0.019166111,13.439
2019,11,1025287,527911,5046875,50,0.000874895,0.171322659,1.198974009,0.128745563,13.0635
2019,6,1025315,268698,4931267,13,0.003268376,0.109203696,0.128413957,0.040570269,19.0975
2019,6,1025316,276006,4933200,14,0.008509016,0.546379484,0.364236884,0.004385061,21.195
2019,12,1025476,529365,5044647,43,0.0045834,0.312946456,0.136930529,0.093695751,19.09569922
2019,10,1025540,566562,5046846,12,0.028255205,0.091245994,0.056054224,0.033273967,24.29080078
2019,8,1025547,461577,4950371,150,0.001885355,0.102433043,3.039113364,0.019591213,28.11469922
2020,1,1025722,721719,5120059,96,0.002343797,0.25296771,0.07003029,0.02974167,24.92
2019,11,1025783,399920,4935359,24,0.014845962,0.310352373,0.020305102,0.075612571,26.72369922
2020,1,1025861,627796,5053512,13,0.076550722,0.028705415,3.960453612,0.091877167,14.468
2019,5,1025996,447364,4946875,197,0.005205053,0.548409411,7.498808606,1.149183147,0
2020,4,1026473,528669,5051322,50,0.015884084,0.667948727,1.320065265,0.427358626,7.452029785
2020,4,1026523,438594,4957691,101,1.034868619,0.09628287,3.309865086,0.096709304,24.33380078
2019,5,1026624,448432,4952313,215,0.119534112,0.391518988,6.311756175,0.024999556,9.213870117
2019,5,1026625,447971,4956148,164,0.127906379,0.535553568,5.421840797,0.147393071,11.57559961
2019,5,1026626,448676,4955622,190,0.064840393,0.630985571,6.281996367,0.025624158,17.58730078
2019,5,1026628,447535,4955647,190,0.000707132,0.053421895,5.261857723,0.100328553,15.0197002
2019,5,1026630,450031,4957924,140,0.107324821,0.135731097,6.650288184,0.277624902,11.5975
2019,7,1026670,434032,4954687,87,1.188176298,0.367602964,4.465527536,0,12.48390039
2020,4,1026677,729646,5121515,57,0.002774034,0.072414369,0.245476537,0.092001327,12.15240039
2020,4,1026796,395411,5027320,7,0.07627573,0.132336501,0.732321904,0,15.4577998
2019,5,1026822,457774,4975142,22,0.004609558,0.039878927,1.277027427,0.013849255,21.62230078
2020,5,1027105,344610,4984484,28,0.005824303,0.06104671,0.11222311,0.092545646,20.9555
2020,5,1027198,454814,4955764,199,0.003073728,0.010370202,10.26887818,0.096755912,21.35219922
2020,5,1027205,477770,4954750,31,0.003837018,0.285397648,2.033881452,0.114922293,27.14719922
2020,5,1027221,414373,4942834,19,0.010524965,0.006271375,8.42375292,0.007517286,27.29909961
2020,5,1027223,527038,5063413,27,0.304630961,0.010784181,0.32181509,0.18352138,14.9212002
2020,5,1027224,410055,4939918,21,0.014793224,0.054169596,3.437961956,0,19.07669922
2020,5,1027228,340088,4978540,27,0.010805626,0.166100993,0.062261584,0.040029951,22.44369922
2020,5,1027237,327937,4970274,16,0.214589134,0.149035913,0.222166677,0,20.94969922
2020,5,1027275,277616,4948555,13,0.013197768,0.03323484,0.560354223,0.012264874,18.294
2020,5,1027282,429150,4949366,39,0.246294549,0.152417364,2.751876987,0,15.91340039
2020,5,1027284,451017,4965249,68,0.024041497,0.123186546,3.82174063,0.109686437,14.5625
2020,5,1027287,408647,5076831,16,0.063296941,0.074431516,0.182889219,0.113609462,8.26369043
2020,5,1027296,517320,5037484,22,0.000652963,0.103835146,0.323470241,0.061952902,21.63269922
2020,5,1027309,519331,5054870,48,0.0047433,0.041474634,0.286671679,0.013786366,17.4015
2020,5,1027314,449210,4932256,90,0.119570157,0.287153961,2.878496035,0.128137405,18.4355
2020,5,1027333,448626,4930275,47,0.002779094,0.097008296,4.873776293,0.074929444,15.0092998
2020,5,1027335,454000,4971687,35,0.000566888,0.193431872,0.27973096,0.012899491,16.88619922
2020,5,1027393,348675,4980477,27,0.003028042,0.056169602,0.010838989,0.052204795,26.55040039
2020,5,1027423,477770,4954750,31,0.003837018,0.285397648,2.033881452,0.114922293,27.14719922
2020,5,1027431,396474,5028078,7,0.02051198,0.109898572,0.267150667,0.236040762,11.3997998
2020,5,1027438,412354,5073451,17,0.019758366,0.209459299,0.345835621,0,16.912
2020,5,1027445,416032,4940093,23,0.005703804,0.024457327,7.505285782,0.035280635,15.3777998
2020,5,1027446,415525,4937528,23,0.000861956,0.133060743,5.561309323,0.094366838,14.91740039
2020,5,1027497,426833,5050078,9,0.071388069,0.202147283,0.081701721,0,17.58680078
2020,5,1027503,617131,5081464,5,0.002373107,0.196191553,0.2366845,0.132526504,20.10190039
2020,5,1027526,411369,5077834,16,0.00700011,0.082468571,0.070711936,0.09228745,14.686
2020,5,1027527,409000,5073976,16,0.007473159,0.084280737,0.112200859,0.137880671,16.09290039
2020,5,1027528,672421,5108546,9,0.009394388,0.091129871,2.180714396,0.012246559,21.88709961
2020,6,1027532,416665,5054599,9,0.020147762,0.08178445,0.490231063,0.045430235,6.698120117
2020,5,1027534,659956,5114933,4,0.000203193,0.223780599,0.101371297,0.107162207,29.6035
2020,5,1027559,472333,4998941,14,0.023289077,0.10197065,0.072641793,0.097095025,8.037600098
2020,5,1027566,481758,5065507,15,0.011847131,0.036888083,0.013096088,0.343315511,13.5082998
2020,6,1027598,392459,5060587,5,0.004830876,0.1858429,0.151813038,0.127466165,12.12440039
2020,6,1027599,311234,4849900,11,0.040034669,0.071610484,1.233969845,0.087259916,28.94590039
2020,6,1027607,428148,5059260,11,0.030451554,0.111553303,0.025829989,0.046620456,14.7895
2020,5,1027613,358696,4921852,19,0.009400823,0.305848449,0.349451774,0.000706852,12.73040039
2020,6,1027630,526544,5048616,51,0.002290876,0.196618221,1.772341766,0.258747572,11.497
2020,6,1027638,618120,5011408,4,0.021149289,0.32550678,11.83497044,0,32.37059961
2020,6,1027640,412133,5079847,16,0.080805431,0.163768108,0.333699652,0,19.32759961
2020,6,1027673,457316,5055587,7,0.143629849,0.025235413,0.169789923,0,15.2337002
2020,6,1027677,520810,5046040,47,0.00027248,0.030412021,0.062212979,0.008233811,28.17190039
2020,6,1027681,437951,4930547,27,0.129437289,0.240973154,8.90148727,0.067760498,14.8955
2020,6,1027686,618351,5027074,7,0.443482894,0.06192618,0.964908726,0.037457836,9.716509766
2020,6,1027687,654422,5021356,3,0.014405921,0.141525007,1.715961907,0.119908898,25.36759961
2020,6,1027698,619207,5028289,7,0.009272679,0.032969745,0.374243131,0.002986403,16.2802998
2020,6,1027706,376429,4919553,38,0.001852266,0.029451846,0.257093368,0.009589722,27.79109961
2020,6,1027714,278032,4948280,13,0.007823638,0.156233171,0.231407334,0.020149519,17.67369922
2020,5,1027715,526622,5047751,51,0.007258318,0.358064051,2.480521835,0.008425542,7.13027002
2020,5,1027716,525314,5047761,51,0.001962799,0.383061515,1.853600565,0.007127025,17.76109961
2020,6,1027718,526661,5037146,35,0.005509574,0.485863589,0.041316593,0.01395935,23.70630078
2020,6,1027732,462362,4970475,22,0.081169908,0.045166345,2.111118469,0,27.832
2020,6,1027733,655528,5021716,3,0.025584482,0.042178862,2.483099687,0.047690613,20.10080078
2020,5,1027748,460275,4951183,170,0.006529063,0.428691768,4.055630772,0.04338692,27.05480078
2020,6,1027761,436059,5067657,10,0.044820745,0.112000984,0.282567245,0.022912351,16.99030078
2020,6,1027764,712272,5106967,59,0.001671586,0.139139997,0.254765459,0.009847353,13.8945
2020,6,1027785,418609,4979242,21,0.003000013,0.054465315,0.102971173,0.062213551,20.5025
2020,6,1027821,528846,5049367,50,0.096635279,0.24114209,0.243053979,0.043385122,16.70030078
2020,6,1027822,528784,5049440,50,0.001093932,0.193935473,0.256191099,0.062178637,16.28159961
2020,6,1027823,514401,5051943,41,0.004258699,0.030240411,0.006686332,0.001945383,14.42540039
2020,6,1027827,528589,5049945,50,0.075326015,0.081231238,0.566099173,0.046001467,12.8502002
2020,6,1027829,528888,5049350,50,0.138151798,0.253893962,0.228097201,0.029838827,17.52280078
2020,4,1027832,507628,5053893,13,0.003958581,0.160522439,0.059156866,0.004286007,15.86459961
2020,6,1027834,432125,4956562,48,0.004303756,0.278798575,2.629838966,0.021186599,26.29240039
2020,6,1027837,453115,4965118,67,0.334743166,0.290974742,3.292615347,0,20.81740039
2020,6,1027840,443188,4962374,89,0.054578287,0.370719001,2.497809625,0.078398995,22.827
2020,6,1027851,499707,5037437,4,0.032623034,0.074991958,0.620823831,0.045727657,30.276
2020,5,1027859,496235,5070875,8,0.015383521,0.086376532,0,0.161347795,13.7585
2020,6,1027874,457957,4950374,188,0.025612439,0.315049195,4.451657715,0.037074028,24.31959961
2020,6,1027878,430330,5063702,7,0.048804576,0.166694878,0.100250801,0.024998039,21.33369922
2020,6,1027888,481456,5072213,11,0.541838637,0.058959417,0.143585313,0,5.598140137
2020,6,1027892,429029,5055866,11,0.017766834,0.053934349,0.092275017,0.135170671,17.53669922
2020,6,1027903,521583,5046217,48,0.059615297,0.535801068,0.838520855,0.053119784,21.84669922
2020,6,1027906,515009,5053538,37,0.09934496,0.063205158,0.636499964,0.010862796,22.6985
2020,6,1027907,523738,5044536,43,0.004027218,0.094983113,1.979137875,0.085313701,21.84009961
2020,5,1027927,512001,5061844,19,0.007624799,0.18159964,0.00292481,0.092646608,23.2575
2020,6,1027929,508117,5065005,13,0.001536438,0.024992112,0.213254686,0.004794369,26.42430078
2020,6,1027964,433216,5064411,7,0.020352713,0.138558473,0.243992332,0.186835928,14.96059961
2020,6,1027968,528972,5048110,50,0.00820703,0.356918057,0.556912563,0.131590626,15.685
2020,6,1027975,432510,5065206,7,0.057089042,0.006164293,0.119195592,0.31174393,5.63627002
2020,6,1027990,409267,5072799,17,0.011849995,0.004629026,0.214215669,0.003576407,17.86209961
2020,6,1027991,463228,5073279,10,0.038239457,0.209895517,0.120021386,0.203137037,11.14240039
2020,6,1027993,408298,5073943,16,0.05228533,0.114657826,0.056142259,0.140652568,15.19009961
2020,6,1027996,433461,5064202,7,0.081758132,0.172782882,0,0.007926909,18.43030078
2020,6,1028010,457921,5030052,12,0.313464356,0.063095946,0.202869538,0.039971747,18.66359961
2020,6,1028011,471630,4999689,14,0.009730768,0.134079069,0.001281181,0.08956693,13.5552998
2020,6,1028015,486375,5026953,36,0.004219295,0.094248028,0.363630839,0.005439915,17.44130078
2020,6,1028017,418864,4978863,21,0.05033894,0.134458812,0.079050577,0.063162112,20.25769922
2020,6,1028020,404664,4972398,14,0.006028767,0.150020116,2.076466119,0.019056059,16.50169922
2020,6,1028021,426627,4978558,17,0.003587112,0.063427216,0.00890217,0.10351143,15.4672002
2020,6,1028024,424456,4979605,18,0.158293817,0.152749856,0.650705643,0.047330794,21.61540039
2020,6,1028025,419016,4978237,20,0.000610588,0.099946035,0.056380792,0.067111695,24.70440039
2020,6,1028027,422905,4977499,18,0.001364424,0.07096073,0.012944103,0.007050903,17.33880078
2020,6,1028028,429465,4980191,16,0.003938475,0.36763853,0.802269401,0.088328569,15.2572998
2020,5,1028035,479989,4954757,28,0.378001374,0.184677149,0.071963727,0,21.36469922
2020,6,1028037,443244,5077623,12,0.029614145,0.052371751,0.031484287,0.208592423,5.899569824
2020,6,1028039,470345,4953746,75,0.001464254,0.004875876,6.223924263,0.050448956,22.49740039
2020,6,1028048,404664,4972398,14,0.006028767,0.150020116,2.076466119,0.019056059,16.50169922
2020,6,1028074,385507,4953222,7,5.65E-05,0.058806293,0.110419643,0.03951638,21.03180078
2020,6,1028105,472994,5000504,14,0.005941516,0.134508832,0.079525148,0.005830002,18.10269922
2020,6,1028110,482686,5027519,39,0.005252586,0.161104827,0.012685843,0.100479245,16.0887998
2020,6,1028114,485307,5028957,35,0.073464163,0.150962616,0.146085645,0.052355904,24.09659961
2020,6,1028115,485036,5028961,37,0.195375312,0.05093819,0.357521115,0.023714856,26.16790039
2020,6,1028117,482008,5028490,38,0.001842464,0.086219943,0.086371727,0.032734711,22.71430078
2020,6,1028120,479022,4997702,13,0.013202619,0.198116478,0.480222025,0.002845568,20.10869922
2020,6,1028122,493613,5001406,6,0.017586505,0.151865025,0,0.053697648,15.4262998
2020,6,1028124,472379,5024647,42,0.109862936,0.144195051,0.003619857,0.133838358,8.452179688
2020,6,1028125,473769,5010538,23,0.012498109,0.209885969,0.057551794,0.100885526,12.15409961
2020,6,1028134,475461,5052184,9,0.001846333,0.019983468,0.04901397,0.004589561,18.361
2020,6,1028181,440845,4929681,25,0.007286474,0.103833935,9.779192717,0.169250947,20.55940039
2020,6,1028182,437497,4926615,16,0.877802502,0.007016918,12.82570805,0,21.3185
2020,6,1028183,452765,4964271,72,0.087352617,0.069280573,4.158486862,0,22.304
2020,6,1028189,443763,4963001,84,0.023086903,0.208008081,3.192307319,0.048373779,26.86390039
2020,6,1028196,524668,5059642,39,0.001379592,0.05168617,0.206428366,0.01130481,18.52259961
2020,6,1028206,528632,5047907,50,0.085755433,0.304955546,0.932349726,0.288595217,11.05509961
2020,6,1028218,418936,4978544,21,0.004535593,0.289604914,0.243426493,0.105032598,23.06780078
2020,6,1028263,432148,5064711,7,0.001238593,0.111608233,0.041647463,0.379928431,8.969650391
2020,6,1028272,426351,5045247,8,0.002362629,0.368554411,0.077904311,0.000271722,18.52780078
2020,6,1028274,427261,5052364,10,6.68E-05,0.1301829,0.478961145,0.009561641,16.3532002
2020,6,1028292,521283,5046276,48,0.0117925,0.247026077,0.560585725,0.016760914,23.10209961
2020,6,1028298,418921,4978494,21,0.013457142,0.244265372,0.24347097,0.106878666,23.95
2020,6,1028303,660701,5107505,7,0.004925011,0.058855197,0.272042282,0.005677252,17.29140039
2020,6,1028304,659895,5115026,4,0.02454542,0.134975334,0.18381273,0.031701393,28.77430078
2020,6,1028338,438681,4930360,19,0.003145519,0.029652476,9.147766382,0.135466143,14.95559961
2020,6,1028339,443339,4935210,92,0.002517764,0.237501495,5.519416069,0.084768775,13.70890039
2020,6,1028352,433158,4947620,59,0.050394046,0.168935278,3.787215266,0,21.02369922
2020,6,1028364,468655,5067944,13,0.002249311,0.131928609,0.282197793,0.009008337,24.42490039
2020,6,1028377,491390,4959447,17,0.005086895,0.01308673,1.157478779,0.153224874,16.51
2020,6,1028378,483375,4948766,25,0.002996444,0.285655364,6.709583543,0.051583363,25.30169922
2020,6,1028408,435240,4946469,71,0.431847164,0.087661797,5.904248813,0,19.23659961
2020,6,1028413,458210,4952478,191,0.005371443,0.027787461,6.116165076,0.057113847,36.37030078
2020,6,1028414,458348,4952632,187,0.004889433,0.233427156,5.998570753,0.059735498,35.52839844
2020,6,1028416,433511,4972633,15,0.000498925,0.065770849,0.458376573,0.018966072,19.74380078
2020,6,1028421,492115,4957674,16,0.293201434,0.120785909,2.22476514,0,15.5382002
2020,6,1028423,478873,4954370,30,0.002543597,0.140191144,0.992854208,0.046031474,22.67669922
2020,6,1028425,484182,4949771,24,0.002399047,0.121157518,5.749096166,0.034834092,36.84460156
2020,6,1028426,467427,4949061,107,0.003972581,0.251057472,1.569768774,0.114281286,14.6775
2020,6,1028427,463941,4949777,131,0.002996683,0.280899442,1.947317908,0.108518264,24.44980078
2020,6,1028428,463772,4949697,131,0.022336405,0.095080219,2.064402468,0.079129363,20.17159961
2020,6,1028429,478249,4953162,31,0.001476785,0.137103103,2.159791575,0.040974663,28.76590039
2020,6,1028430,505139,4957110,11,0.004092913,0.467750295,5.106396967,0.005540999,20.00569922
2020,6,1028437,421280,4978115,19,0.092268592,0.055492296,0.01120978,0.011718042,17.52869922
2020,6,1028439,443857,4997885,7,0.00100583,0.171991709,0.606243656,0.02281171,15.5332002
2020,6,1028441,463291,4954822,96,0.004258979,0.294131553,3.167607473,0.057068159,25.02440039
2020,6,1028442,463291,4954822,96,0.004258979,0.294131553,3.167607473,0.057068159,25.02440039
2020,6,1028452,467614,4948751,107,0.002565292,0.180970279,1.21598923,0.163100837,13.0942002
2020,6,1028458,435563,4946579,88,0.645248011,0.217511851,6.034821737,0,20.71469922
2020,6,1028461,398849,5029949,7,0.056650069,0.38078731,0,0.026748732,15.7997998
2020,6,1028462,395172,5026682,7,0.200330984,0.201529111,0.470267921,0,14.5597998
2020,6,1028467,456757,4950786,200,0.021431029,0.219524365,4.967696637,0.320281105,12.7842002
2020,6,1028468,438671,4930340,19,0.002705259,0.02335065,9.16641693,0.116299449,14.9142998
2020,5,1028474,329715,4972231,17,0.000658408,0.175188057,0.106558407,0.094033665,22.5755
2020,6,1028494,445482,4962742,88,0.070384664,0.095487266,3.544844778,0.09114213,18.04769922
2020,6,1028530,348208,4979692,26,0.002528271,0.314502899,0.373939758,0.012807642,28.59480078
2020,5,1028548,454156,4958508,155,0.186046508,0.145896797,9.240328859,0.024469799,15.0347998
2020,6,1028584,575162,5054691,17,0.032310941,0.461392528,0.172682759,0.033467076,18.743
2020,6,1028603,414567,4978852,22,0.05812562,0.262850822,0,0.105045535,19.73080078
2020,7,1028609,422057,4979222,19,0.020816228,0.040201001,0.781377858,0.013757383,15.9867998
2020,6,1028660,283706,4940210,19,0.053272952,0.143081849,0,0.06065208,19.71319922
2020,7,1028681,422981,4978609,19,0.081400165,0.49789104,0.352276391,0,18.75390039
2020,7,1028682,262459,4891910,14,0.164289466,0.034295337,3.056687084,0.015516216,22.008
2020,7,1028704,439006,4976295,20,0.056527036,0.060505146,1.448812655,0.066359828,18.1305
2020,7,1028705,416740,4979122,21,0.007689766,0.154054275,0.028219386,0.156664351,24.18419922
2020,7,1028728,261873,4922643,16,0.021402532,0.089789439,0.243818929,0.01084854,20.16780078
2020,6,1028737,528502,4963389,6,0.042720047,0.248151616,7.994279352,0.082737717,22.02380078
2020,6,1028772,461698,4948866,156,0.026107582,0.444624635,2.298011955,0.029690924,13.6412998
2020,6,1028773,457061,4950765,200,0.109193986,0.198849129,4.893067987,0.140242393,10.46190039
2020,7,1028794,440185,5060495,7,0.009661282,0.256602378,1.141434974,0.033529406,18.46280078
2020,7,1028797,442261,5077437,12,0.001807316,0.053399995,0.0047125,0.138140792,8.33669043
2020,7,1028852,457999,4950186,188,0.155017098,0.409539961,4.265712661,0,26.07880078
2020,7,1028855,429270,4945081,40,0.275974603,0.25788608,3.264902899,0.020396863,12.2267002
2020,6,1028856,450107,4961381,87,0.008676683,0.246589747,6.805128796,0.440718117,7.043580078
2020,6,1028859,457957,4950374,188,0.025612439,0.315049195,4.451657715,0.037074028,24.31959961
2020,7,1028869,417971,5055044,9,0.003862337,0.361105849,0.236602575,0.423246849,4.533220215
2019,7,1028881,581128,4996675,5,0.040241819,0.019883378,1.635200337,0,13.43440039
2020,6,1028912,290091,4938746,16,0.080996102,0.009597645,0.099981785,0.008596489,31.83490039
2020,6,1028915,276674,4935556,15,0.065301938,0.016713599,0.093012616,0,16.63790039
2020,7,1028928,412919,4978564,22,0.0276014,0.163307872,0.325056187,0.084217603,16.69630078
2020,7,1028930,416514,4979426,21,0.008675032,0.078029256,0.085950735,0.140250454,25.99340039
2019,6,1028962,462451,4950745,150,0.053150851,0.026092794,2.090537252,0,35.07239844
2020,6,1028993,574454,5049680,17,0.042982308,0.048402214,0.027827104,0,17.49259961
2020,7,1029024,265808,4891326,10,0.00023548,0.157473326,0.154972658,0.013215133,22.48069922
2020,7,1029026,264421,4857148,25,0.082554586,0.063290219,0.132996723,0.034510817,18.65780078
2020,7,1029048,637852,5108189,9,0.011568874,0.26786141,0.041612731,0.020372432,17.8985
2020,6,1029055,430556,4951547,45,0.832999948,0.194281635,0.924074484,0.013807417,29.53230078
2020,6,1029061,451656,4962730,88,0.000227444,0.030909625,5.877164719,0.190117788,10.1767002
2020,6,1029063,443674,4962822,89,0.056710283,0.309892255,2.999618177,0.065580373,27.82119922
2020,6,1029066,443775,4930874,48,0.376378859,0.044332919,6.728166343,0,14.36859961
2020,6,1029067,458022,4950112,188,0.208115451,0.385625468,4.193048835,0,25.86890039
2020,6,1029086,575143,5048333,17,0.002188151,0.304073406,0.009362508,0.019990305,23.2905
2020,7,1029097,265839,4891531,10,0.00673655,0.042064752,0.002550232,0.017567228,21.95080078
2020,7,1029114,628166,5053496,13,0.004749947,0.166136519,4.257263664,0.027311242,16.4225
2020,7,1029116,402430,4967473,5,0.95435944,0.474230937,1.728086084,0.023464927,12.33940039
2020,7,1029128,322952,4845929,13,0.018980611,0.567014617,2.415522167,0.032808605,14.2322998
2020,7,1029141,352755,4986636,29,0.004381445,0.270944662,0.468024156,0.078305274,29.43209961
2020,6,1029158,609309,5050585,10,0.041100601,0.105506431,0.042692761,0.032372249,33.34360156
2020,7,1029180,416135,4979395,21,0.011778341,0.087245548,0.173489766,0.104916471,24.54069922
2020,7,1029181,465591,4949606,117,0.585967832,0.474879683,2.3889056,0.009581876,19.91580078
2020,7,1029206,320051,4852322,11,0.104320945,0.015478142,0.592565232,0.053109858,28.95869922
2020,8,1029345,444761,4969060,61,0.004750356,0.109810335,2.285928585,0.082333001,20.84809961
2020,7,1029370,582059,5050371,21,0.257017714,0.243650285,0.737388171,0.057495433,19.67959961
2020,8,1029383,406569,4983345,24,0.181862,0.149897747,0.060839236,0.015484389,22.84559961
2020,8,1029384,345169,4854094,5,0.025951209,0.31805258,11.11032675,0.036454057,16.71790039
2020,8,1029389,458345,4952381,191,0.000485393,0.171775356,5.971677075,0.009297059,37.71010156
2020,8,1029429,329329,4851798,9,0.010481959,0.013939241,6.630130573,0,15.87109961
2020,8,1029434,310632,4848499,11,0.013775945,0.077049466,2.631364873,0,23.64319922
2020,8,1029461,303271,4829819,9,0.160319724,0.200339029,2.826052456,0.037316512,13.88740039
2020,8,1029484,265805,4892189,10,0.00171594,0.113974454,0.008220081,0.011863195,21.95540039
2020,8,1029503,298305,4831682,10,0.037518833,0.520704832,0.771966876,0,29.55330078
2020,6,1029569,450107,4961381,87,0.008676683,0.246589747,6.805128796,0.440718117,7.043580078
2020,6,1029570,457499,4950550,200,0.099126725,0.039722188,4.633102585,0.049728989,16.69909961
2020,6,1029572,434548,4945029,71,0.047599332,0.111604002,5.968437137,0.053457877,19.97390039
2020,6,1029573,462206,4939178,147,0.089263408,0.12237059,3.607167665,0.746463973,2.52448999
2020,8,1029588,454269,4957266,186,0.005062944,0.02998939,10.38064458,0.536269686,10.2227002
2020,8,1029596,457372,4974690,28,0.001379842,0.322802908,1.778404831,0.010985773,20.94019922
2020,8,1029608,392162,4920297,40,0.006445577,0.178538193,0.177468596,0.004475521,23.90940039
2020,8,1029623,460377,4969464,28,0.009240592,0.213010335,0.222651986,0,10.61959961
2020,8,1029639,309691,4826254,7,0.146000138,0.45181355,2.945258378,0,18.037
2020,8,1029656,309585,4829635,7,0.024203236,0.173377706,5.406753471,0.022313579,18.08980078
2020,8,1029685,391536,4917950,45,0.182225557,0.114829116,0,0.020613952,25.53509961
2020,8,1029705,444947,4958331,112,0.000313841,0.239482691,1.738168637,0.5831882,2.399149902
2020,7,1029847,293096,4948991,21,0.00025582,0.220764478,0.225868529,0.182952761,16.27640039
2020,8,1029880,312344,4849470,11,0.157892252,0.195013465,1.07554791,0,23.76309961
2020,7,1029925,446217,4950227,204,0.720825878,0.256235686,4.570223185,0,15.7435
2020,7,1029931,439127,4930676,29,0.130077101,0.151926519,8.901090522,0.139236703,16.79080078
2020,7,1029933,451588,4964012,74,0.002411478,0.036079297,4.672284845,0.559680497,9.979
2020,8,1029962,311707,4847596,11,0.011385323,0.094710613,2.329376546,0,9.787259766
2020,7,1030008,585363,5057937,19,0.004182018,0.12272732,0.475763973,0,14.4285
2020,7,1030011,580895,5053783,20,0.020887697,0.032462331,0,0.020242517,12.1107002
2020,9,1030082,314388,4849702,11,0.005050351,1.049745411,1.219398067,0,18.88719922
2020,9,1030104,630481,5120995,8,0.075934164,0.345275326,0.622454596,0.448050401,8.340290039
2020,9,1030138,312099,4848442,11,0.416235391,0.105498898,1.83354944,0,17.71369922
2020,7,1030151,525792,5045413,49,0.021597628,0.066025708,1.399278618,0.011221057,10.00309961
2020,9,1030155,507659,5040990,10,0.02998128,0.373836525,0.43061117,0,24.20969922
2020,7,1030183,582163,5050478,21,0.111323368,0.222571429,0.713933305,0.081104536,20.33490039
2020,9,1030227,395211,4939460,19,0.002055577,0.260751227,0.705407328,0.014532675,16.91909961
2020,8,1030230,635396,5129966,8,0.413827298,0.053276123,0.352538716,0,15.2682998
2020,9,1030233,393270,4935216,24,0.034412551,0.312356849,4.053415291,0.047565124,19.08990039
2020,9,1030278,286575,4943467,19,0.061345908,0.224398018,0.089212622,0,18.7055
2020,9,1030279,286443,4943865,19,0.006416147,0.101668346,0.31062087,0.044690565,16.1667998
2020,9,1030280,285361,4943380,19,0.00792167,0.065531859,0.205936481,0.060868016,24.12690039
2020,9,1030290,284963,4943607,19,0.01732604,0.163205588,0.02697917,0.027501767,21.89740039
2020,9,1030300,285115,4943118,19,0.164676425,0.246686109,0.322449391,0.029380623,24.11269922
2020,9,1030310,284482,4943420,19,0.003816494,0.055589562,0.522321207,0.006511656,24.2665
2020,9,1030311,284922,4943243,19,0.007201966,0.149489757,0.279256683,0.066670086,25.18990039
2020,7,1030327,525798,5045427,49,0.019775215,0.064454335,1.411828488,0.014417461,10.14640039
2020,9,1030328,660203,5094178,8,0.173631759,0.143361188,0.093859602,0,26.1025
2020,7,1030331,527874,5041958,41,0.047609654,0.151188066,0.333598853,0.058248545,17.82440039
2020,9,1030358,273496,4840964,11,0.10170891,0.079966386,1.110099564,0.022973146,22.28840039
2020,9,1030397,565031,5026787,5,0.002062271,0.099821025,0.008539063,0.118469524,23.731
2020,9,1030413,284161,4943238,19,0.006621651,0.105565602,0.199484494,0.038475332,23.80990039
2020,9,1030416,286527,4943938,19,0.00121574,0.103484244,0.390033272,0.042034155,16.0082002
2020,10,1030548,411600,5074851,16,0.007943053,0.247525155,0.016777013,0.220878611,19.57
2020,10,1030569,727551,5102720,31,0.06078334,0.321132305,0.438506972,0.009500829,25.79409961
2020,10,1030590,521469,5044744,43,0.020311335,0.072902616,0.334732211,0.014203583,12.5
2020,9,1030610,440423,4963209,81,0.093350187,0.349425219,3.200851023,0.0497213,21.16059961
2020,10,1030620,374820,4915156,36,0.025931799,0.036331873,0.077557679,0.009755346,23.55080078
2020,10,1030621,374820,4915156,36,0.025931799,0.036331873,0.077557679,0.009755346,23.55080078
2020,10,1030624,387161,4914882,51,0.000353205,0.119288279,0.009223382,0.008610826,23.22959961
2020,9,1030632,389607,4924210,40,0.105752287,0.133570336,0.164027782,0.017021278,28.19380078
2020,9,1030634,363388,4933087,15,0.002121326,0.063450278,0.223527572,0.008985933,28.90340039
2020,8,1030635,392988,4917836,40,0.028945962,0.350357671,0.231822271,0.011940314,29.20030078
2020,7,1030638,580938,5054410,20,0.03087536,0.108516066,0.063913318,0.03230064,14.4177998
2020,9,1030649,439769,4963586,81,0.0239137,0.249044256,2.446482163,0.069718647,27.57080078
2020,9,1030650,448979,4929219,47,0.036648826,0.163505196,5.912133083,0.076062907,16.90930078
2020,9,1030653,438938,4946881,115,0.376124674,0.458163586,6.171732938,0,20.68269922
2020,9,1030775,408299,5073944,16,0.052350976,0.114505351,0.055918059,0.140742711,15.18990039
2020,7,1030802,474734,4953918,41,0.086096689,0.006997046,5.13221622,0.086433919,28.57640039
2020,9,1030849,443919,4949378,180,0.71302544,0.109387255,3.371778697,0.004597295,20.42819922
2020,9,1030868,442458,4960496,95,0.002398475,0.29508062,0.807584201,0.089950275,21.34019922
2020,11,1030971,287962,4944966,19,9.85E-05,0.119347499,0.432116585,0.060669392,24.55119922
2020,8,1031122,502240,4958049,11,0.006250378,0.035024482,2.059643146,0.020286089,28.09930078
2020,9,1031132,460295,4950887,173,0.029025087,0.158188935,4.087907906,0.027578272,22.44109961
2020,8,1031165,491041,4959470,16,0.07578979,0.036186601,0.858876619,0.159461802,16.8705
2020,8,1031184,465571,4949694,117,0.49581205,0.443086262,2.302266263,0.021816053,19.69490039
2020,8,1031186,502632,4957956,11,0.032306533,0.161654742,2.46208568,0,25.76340039
2020,9,1031188,521259,4959517,5,0.039357401,0.04952709,0.049500386,0.22233199,17.35540039
2020,8,1031199,494199,4958231,15,0.007373207,0.066280432,3.948943877,0.017344822,22.09169922
2020,11,1031300,521138,5046403,48,0.048509052,0.220756631,0.48835984,0.030166059,26.64559961
2019,5,1031435,452305,4937864,168,0.027246647,0.233777308,0.436021279,0.107306126,26.603
2020,10,1031461,468088,4948021,100,0.37490373,0.077843163,0.431858839,0.000703973,16.71509961
2020,6,1031491,469253,4954117,83,0.005337968,0.203825464,5.359549189,0.024086544,17.40940039
2020,6,1031728,564327,5048066,10,0.00382567,0.206629005,0.289114648,0.023204548,19.503
2020,10,1031736,438939,4946453,115,0.054816986,0.081852375,6.548026325,0,22.14380078
2020,11,1031737,440037,4930151,19,0.024875926,0.580100145,9.610576388,0.042621319,20.0275
2020,10,1031776,462405,4946734,158,0.047677582,0.191230585,0.452757446,0.103866879,13.6317002
2020,7,1031908,481945,5021931,39,0.122142356,0.321655658,1.611238039,0.097415863,22.6935
2020,9,1031928,459990,4951540,170,0.002974042,0.134187065,4.30383158,0.011265422,33.08169922
2020,7,1031936,451092,5027352,11,0.007656727,0.382905679,0,0.010067922,17.12769922
2020,7,1031943,479221,5061557,15,0.182408161,0.004085772,0.125029924,0.007121266,25.81240039
2020,6,1031966,526506,5041643,41,0.000549351,0.153538824,0.110171583,0.000430217,20.67230078
2020,7,1031970,527874,5041958,41,0.047609654,0.151188066,0.333598853,0.058248545,17.82440039
2020,6,1031971,526863,5045320,49,0.01238702,0.03566231,0.606249713,0.049991106,5.240040039
2020,6,1031973,522990,5046033,48,0.046070311,0.166926709,1.658604855,0.04238505,23.15740039
2020,6,1031988,511781,5046421,19,0.17647042,0.467804238,0.428479088,0.02523646,24.21490039
2020,6,1031991,522146,5046897,50,0.041405855,0.36052043,1.605649932,0.021232646,22.73319922
2020,6,1032064,525339,5043662,43,0.040098147,0.184382761,0.457920918,0.040164545,15.073
2020,10,1032092,478713,5020985,42,0.020049789,0.068961774,1.584238359,0.141219532,16.48519922
2020,6,1032169,465267,5030713,20,0.089095372,0.167776444,0.209033684,0.070819228,19.67530078
2020,5,1032194,451308,4962881,74,0.006495459,0.177445429,5.832626663,0.178581661,10.8415
2020,6,1032398,471766,5024667,42,0.005354187,0.02411396,0.001940881,0.057697839,6.048410156
2020,6,1032436,579353,5004687,4,0.046754771,0.192080201,0.211904114,0.048281499,16.06509961
2021,2,1032551,429792,4949333,39,0.026702893,0.300578263,2.289141348,0.079298185,18.29330078
2020,7,1032677,465497,5058614,12,0.001637012,0.173647062,1.116795052,0,21.25190039
2020,7,1032726,476704,4998627,14,0.017038277,0.208255442,0.02724514,0.062209539,13.8002998
2021,4,1032956,713200,5125759,62,0.018360304,0.04938804,0.78977141,0.147565975,5.712560059
2021,4,1033148,525055,5043791,43,0.000664537,0.242717963,0.71623972,0.082093445,18.10440039
2021,4,1033149,525697,5043787,43,0.002978369,0.213050285,0.080761557,0.080625416,12.14090039
2021,4,1033189,437457,4956327,101,0.724586135,0.020203439,3.149849685,0.02849564,17.55409961
2021,4,1033223,437022,4925775,17,0.262488067,0.067111932,13.47582883,0,25.054
2021,4,1033231,339286,4980615,27,0.025904185,0.129287064,0.261005255,0.031526879,24.42940039
2021,4,1033280,406435,5075446,16,8.84E-05,0.161182019,0.931715971,0.735521736,1.897430054
2021,5,1033607,480984,5009884,25,0.006384799,0.084025448,0.211382006,0.003480854,24.27509961
2021,5,1033637,621270,5056537,14,0.014117517,0.085431893,3.443499317,0.098284908,15.1952998
2021,5,1033666,484060,5032160,35,0.00045252,0.069119719,0.781912402,0.040215495,23.39490039
2021,5,1033682,335797,4961774,7,0.097569638,0.050220701,1.069216287,0,17.56759961
2021,5,1033733,469570,4954939,77,0.001682961,0.181568967,6.033357336,0.066717593,32.15519922
2021,5,1033734,469860,4954774,63,0.000751382,0.176897359,6.202143152,0.042285495,27.85990039
2021,5,1033739,327480,4841373,8,9.10E-08,0.139403035,2.557350309,0.016588274,18.14840039
2021,5,1033754,426686,4977390,17,0.000207247,0.297811662,0.67547338,0.053272781,17.61690039
2021,5,1033785,584990,5058980,18,0.754937278,0.051955938,0.36071401,0.016072583,13.1077002
2021,5,1033808,437695,4930132,19,0.000596814,0.03342127,9.309272478,0.130128441,12.8767998
2021,5,1033819,608435,5035377,7,0.213889329,0.247864591,0.291842201,0,16.74459961
2021,5,1033829,583990,5072597,5,0.078116041,0.029267159,0,0.017799828,15.9347998
2021,5,1033833,581419,5029169,7,0.349108878,0.11428983,0,0.009430322,19.17169922
2021,5,1033850,437587,4930076,19,0.02724418,0.086689867,9.364489505,0.072582972,12.9577998
2021,5,1033851,436180,4927163,18,0.120431688,0.460701517,11.99074913,0.051822744,17.8395
2021,5,1033871,357159,4870673,15,0.03270448,0.785029547,3.0031293,0.028244681,16.3725
2021,5,1033872,350575,4857076,5,0.104528782,0.059987986,14.06474719,0.035412317,16.55109961
2021,5,1033880,490121,5065937,13,0.552679296,0.20428326,0,0.147035538,12.53359961
2021,5,1033911,356921,4869348,15,0.012754511,0.376561542,4.295288538,0.024749734,18.51269922
2021,5,1033951,586260,5044163,18,0.316310948,0.08960962,0,0.034339813,20.69380078
2021,5,1033977,475959,5024294,42,0.029072146,0.010020295,0,1.194505231,0
2021,5,1033978,476498,5022588,42,0.02073729,0.347066625,0.455341214,0.287503823,3.964080078
2021,5,1033979,476513,5022785,42,0.004417921,0.174274957,0.3849507,0.329328675,2.531409912
2021,5,1033999,463229,4954021,109,0.002642672,0.019501731,2.448940301,0.02545565,19.268
2021,5,1034002,456577,5071358,12,0.085571288,0.287122715,0.318616181,0,18.07169922
2021,5,1034005,310877,4851274,10,0.024698156,0.067705395,0.26543117,0.020721153,26.10559961
2021,5,1034064,336587,4979733,26,0.026479042,0.06756488,0.382648699,0.029258793,14.805
2021,5,1034085,295577,4946459,17,0.046512743,0.03237678,0.336264917,0,20.42209961
2021,5,1034106,463334,4970938,20,0.035341419,0.081760297,1.035501693,0,28.99959961
2021,5,1034122,357169,4870718,15,0.024993039,0.74247955,2.959103027,0.007891259,16.1697002
2021,5,1034132,480696,5022142,40,0.007307726,0.021471448,1.648897939,0.126918611,17.58659961
2021,5,1034150,616281,5027551,7,0.001911033,0.160267739,1.273882129,0.011186813,27.262
2021,5,1034154,478297,5022604,41,0.019071363,0.178731722,1.283071626,0.133906978,4.462580078
2021,5,1034164,480518,5022788,40,0.057936756,0.044746145,1.020097606,0.147018316,9.679290039
2021,5,1034173,488669,4988193,6,0.030669881,0.070715336,0.351082275,0.070762452,13.61359961
2021,5,1034185,443243,4934853,92,0.104587603,0.067909797,5.637873268,0.157394406,12.81690039
2021,5,1034192,456711,4951876,204,0.092226772,0.123634823,6.04633872,0.2201207,19.00169922
2021,5,1034202,467016,4949602,105,0.316319279,0.094991785,2.227214834,0.023091772,15.9155
2021,6,1034255,449246,5077654,12,0.013139854,0.070560753,0.041641546,0.478146335,9.627530273
2021,5,1034259,351092,4979255,25,0.024008768,0.187724642,0.041000061,0.01865962,27.25140039
2021,5,1034260,350879,4979660,25,0.049859438,0.141749978,0.109334604,0.032882233,31.63840039
2021,5,1034275,386709,4958757,6,0.00832755,0.275038511,0.436994806,0,17.71069922
2021,5,1034281,614741,5057659,12,0.014799297,0.421194768,0.425918807,0,27.75730078
2021,5,1034283,614783,5057496,12,0.015004954,0.315117047,0.304594046,0.018489449,27.108
2021,5,1034289,584037,5057217,19,0.125924656,0.124997778,0.227711351,0.031335272,18.87340039
2021,6,1034290,638185,5071243,7,0.004167067,0.154817953,5.19735659,0.008393726,23.50490039
2021,5,1034294,594619,5050229,11,0.029448039,0.204616936,0.088215548,0.036900437,25.31540039
2021,6,1034302,357373,4997224,17,0.006451157,0.195200144,0,0.006224246,27.06919922
2021,6,1034308,616916,5027910,7,0.003280957,0.039647647,1.084054465,0.009693072,17.0875
2021,6,1034323,477286,5062008,14,0.012613919,0.197078543,0.186958633,0.295521771,16.3885
2021,6,1034342,613037,5057963,11,0.051014716,0.119157209,0.066805052,0.006964602,28.81859961
2021,6,1034355,478267,4954474,30,0.008156049,0.065622305,1.555734393,0.042053285,27.07290039
2021,6,1034357,472263,5053326,9,0.033749966,0.072288499,0.224523424,0,19.43709961
2021,6,1034361,347871,4855225,5,2.218372665,0.594217212,12.67396807,0.020682139,16.048
2021,6,1034365,416192,4987388,25,0.004670265,0.098013813,0.003016278,0.118675049,16.87219922
2021,6,1034377,348123,4980824,27,0.020929507,0.226611069,0.393091426,0.113282769,24.12480078
2021,6,1034411,644520,5090095,7,0.073646203,0.10641261,1.175922868,0.014878719,6.501189941
2021,6,1034414,385961,4988480,40,0.135904966,0.494475647,0,0.071157821,25.73159961
2021,6,1034419,629884,5023141,7,0.01135981,0.185660557,8.45630978,0,15.8055
2021,6,1034424,574233,5017086,5,0.007804449,0.304889068,0.354498743,0.017937645,19.659
2021,6,1034425,573482,5024018,6,0.008007262,0.011922018,0.712197276,0.003752403,16.985
2021,6,1034433,468556,4952083,95,0.023337491,0.15842024,4.110830338,0.046070534,29.062
2021,6,1034465,311198,4851975,10,0.006385546,0.064437241,0.478858072,0.015889078,25.11880078
2021,6,1034479,615757,5033444,7,0.16316468,0.02342271,0.261769495,0,18.85059961
2021,6,1034485,467160,4949224,105,0.04349137,0.291491375,1.823422361,0,13.7932998
2021,6,1034493,347604,4856190,5,1.9333745,0.77895152,11.92428383,0,14.35390039
2021,6,1034502,616589,5096594,9,0.006700201,0.112245577,0.655123076,0.003726035,18.36
2021,6,1034503,367153,4890625,19,0.021713619,0.222290243,1.033811861,0,25.1355
2021,6,1034505,347325,4856045,5,1.661752347,0.785844876,11.76575083,0,15.32840039
2021,6,1034506,347325,4856045,5,1.661752347,0.785844876,11.76575083,0,15.32840039
2021,6,1034520,367160,4890802,19,0.023079969,0.088812673,1.07685001,0,25.09640039
2021,6,1034536,533348,5029845,7,0.005353382,0.398912161,0.195230588,0.003046481,27.7465
2021,5,1034551,405282,4975335,17,5.84E-05,0.577484977,0.278148,0.094202753,16.66469922
2021,6,1034558,446652,5078045,12,0.070776802,0.118570515,0.175830271,0,12.5002998
2021,6,1034573,366935,4891072,19,0.028556004,0.0528408,0.913413466,0.022431886,24.09859961
2021,6,1034593,396866,4948170,9,0.054327306,0.279668177,0.900170999,0.017360197,12.3927998
2021,6,1034623,344743,4851694,5,0.000203382,0.120603282,9.375302716,0,16.59890039
2021,6,1034629,381541,4916060,47,0.069891548,0.024610008,0.704333003,0,24.94580078
2021,6,1034673,525954,5043215,43,0.193175479,0.103352881,0.167071624,0.11812618,14.2162998
2021,6,1034698,458106,4952422,191,0.093536168,0.041989934,6.213582119,0.011402291,36.312
2021,6,1034699,430142,5091683,9,0.072692858,0.037913039,0.096623618,0.050728825,9.497269531
2021,6,1034701,450316,4964072,77,0.060936718,0.308915048,5.189889333,0.142439464,21.86430078
2021,6,1034709,479199,5023246,41,0.018622674,0.417699684,0.578871638,0.441707271,6.325649902
2021,6,1034711,478847,5020949,42,0.013875939,0.032562364,1.527156554,0.038363861,17.932
2021,6,1034712,584660,5061841,17,0.008719664,0.13537124,0.047838236,0.001059163,22.69540039
2021,6,1034716,584949,5049004,21,0.013681121,0.042110588,0.057962342,0.000798985,10.0217998
2021,6,1034722,579939,5059812,17,0.505341569,0.109324956,0.372529004,0,20.1135
2021,6,1034735,436741,5027230,6,0.339464961,0.040430481,0.34824066,0.047601748,12.26990039
2021,6,1034737,475703,4991932,15,0.002616028,0.062339058,0.560331478,0.02451988,21.13209961
2021,6,1034762,478920,4954468,30,0.084177753,0.05453981,0.918069518,0,21.99680078
2021,6,1034774,486853,4958602,20,0.050898784,0.209591375,0.458068344,0.011893463,18.6745
2021,6,1034778,634436,5042562,9,0.005646782,0.048024211,0.053087364,0.015219854,12.5905
2021,6,1034779,588155,5015640,4,0.007004536,0.097672147,0.670113381,0.002420744,29.8885
2021,6,1034794,308545,4846868,11,0.075420996,0.076953629,1.681063567,0.024654589,23.76509961
2021,6,1034808,616677,5030496,7,0.00030311,0.016683933,0.029024143,0.09957287,14.199
2021,6,1034816,588894,5052822,20,0.003438808,0.139905752,0.18347664,0.005374603,23.20509961
2021,6,1034825,347408,4856071,5,1.745655134,0.860400382,11.82181118,0,15.0687998
2021,6,1034850,509145,4960632,8,0.031116613,0.122714297,2.913798812,0.039988573,21.50409961
2021,6,1034885,630890,5120903,8,0.004933158,0.67874405,0.45625652,0.277288472,12.1645
2021,6,1034887,367219,4890579,19,0.022747079,0.208936195,0.955398273,0.027484407,25.0085
2021,6,1034888,344029,4852075,5,0.199381531,0.265769487,9.158233529,0,28.14
2021,6,1034891,508961,5005380,4,0.001558182,0.111479297,0.04549088,0.009854467,17.88159961
2021,6,1034934,485758,4958674,21,0.046014412,0.286627473,1.413678151,0,24.2805
2021,6,1034968,450921,4964466,77,0.001928947,0.26868975,4.537714498,0.059677465,13.14890039
2021,5,1034998,435498,4930964,19,0.059839266,0.450273423,8.726882878,0.005361595,15.0612998
2021,6,1035000,457539,4954677,192,0.614649469,0.552581813,7.335610532,0,29.97419922
2021,6,1035001,462673,4970534,22,0.049986453,0.351734994,1.803282942,0,29.20509961
2021,6,1035002,456651,4954282,196,0.026366667,0.220665271,8.029716953,0.05640184,28.73959961
2021,6,1035003,444260,4942554,157,0.016983728,0.068657887,7.271021687,0.073113045,17.268
2021,6,1035005,458254,4975901,22,0.035634409,0.150353103,0.696388544,0.031905193,20.39369922
2021,7,1035013,347450,4856084,5,1.788216106,0.898866456,11.85038456,0,15.0935
2021,7,1035014,347494,4856179,5,1.826049308,0.82122004,11.83704758,0,15.20459961
2021,6,1035026,385205,4956238,7,0.00389698,0.575043212,0.120464244,0.016163447,22.88090039
2021,5,1035065,434165,4951561,93,0.026183793,0.668273896,2.755323871,0.116416592,23.62240039
2021,5,1035066,432772,4950197,62,0.136438215,0.038633529,1.539865276,0.210772372,14.85759961
2021,7,1035102,347575,4856122,5,1.914319361,0.848015903,11.935962,0,14.842
2021,7,1035106,477821,4954911,31,0.157745154,0.171550773,1.990459615,0.017618415,27.2125
2021,5,1035121,453893,4963369,72,0.045286086,0.108391988,5.093590031,0.002136075,20.88030078
2021,7,1035145,653119,5163493,10,0.006463954,0.05988863,0.004827489,0.006233263,24.45019922
2021,7,1035175,671340,5111950,9,0.002619857,0.235731976,0.47730041,0,25.56780078
2021,7,1035184,445033,4963216,83,0.024951615,0.322660776,3.066197736,0.072967894,21.23609961
2021,5,1035225,419858,4984374,24,0.038833048,0.367846317,0.040543548,0.013220551,19.6765
2021,6,1035228,426627,4978558,17,0.003587112,0.063427216,0.00890217,0.10351143,15.4672002
2021,6,1035241,413038,4978382,22,0.023720167,0.309199525,0.532432905,0.027880258,17.53969922
2021,6,1035248,423874,4978836,18,0.033600392,0.213274994,0.04504337,0.021260491,16.60130078
2021,6,1035259,403382,4979502,21,0.122196461,0.26257458,0.040902396,0,15.3882002
2021,6,1035260,414191,4977950,20,0.096509226,0.496464394,0.685648808,0.019409683,20.9305
2021,6,1035294,399582,4962747,6,0.003649769,0.306400112,0.005779287,0.022397044,18.56609961
2021,6,1035296,438034,4972066,27,0.006538109,0.162716831,2.078550607,0.021719783,20.58709961
2021,7,1035314,347317,4855688,5,1.681266775,0.554290712,11.95543935,0.194774877,15.37659961
2021,7,1035315,347522,4856233,5,1.846274605,0.766499476,11.83197968,0,15.32690039
2021,7,1035334,486859,4959098,20,0.173093842,0.096675851,0.912784115,0,19.96880078
2021,6,1035338,477264,5062137,14,0.000649078,0.072316182,0.058901932,0.166270331,17.14169922
2021,7,1035373,493307,4958346,16,0.023428877,0.160893897,3.052125139,0.057539411,29.21480078
2021,7,1035378,454947,4972689,34,0.004044376,0.059882372,1.020975805,0.014021828,20.62930078
2021,7,1035384,431948,5090127,11,0.038896956,0.009730591,0.123443091,0,15.162
2021,7,1035396,515170,5060270,20,0.031643464,0.225073913,0.211045693,0.089921476,29.358
2021,7,1035399,539449,5052712,29,0.017499386,0.099649708,1.279851791,0.382436185,6.756149902
2021,6,1035425,516022,5056172,41,0.005670327,0.319597492,0.092295087,0.133657324,12.9737002
2021,6,1035435,575657,5037114,10,0.774464953,0.467222057,1.079176472,0,22.14919922
2021,6,1035438,516787,5057588,34,0.039364057,0.029099479,0.349209797,0.022736463,13.78940039
2021,7,1035450,357756,4882555,16,0.027637704,0.57734891,1.12626964,0.025521142,23.35619922
2021,6,1035462,590918,5053391,18,0.043482893,0.038136012,0.043394182,0.042094687,25.08509961
2021,6,1035464,590756,5053241,19,0.018585121,0.023621934,0.0125657,0,23.66759961
2021,6,1035466,586638,5046024,19,0.035055039,0.081522278,0.050155664,0.056418572,19.51009961
2021,7,1035492,292517,4935992,12,0.065214829,0.084122145,1.384655809,0,6.687419922
2021,7,1035499,481409,5024818,40,0.017406245,0.260224634,0.130389844,0.325584551,6.207149902
2021,7,1035555,480729,4956769,26,0.030165206,0.140281705,1.542898059,0.111167112,24.35709961
2021,7,1035582,347383,4856168,5,1.717734242,0.815694309,11.74897074,0,15.20640039
2021,7,1035619,464429,4944981,148,0.004270885,0.133190501,0.470895877,0.005337683,26.16919922
2021,6,1035696,587107,5054095,20,0.182451389,0.085292521,0.623150926,0.035132165,20.27059961
2021,8,1035715,478300,5028344,39,0.026900224,0.231493799,0.262282437,0.021108441,13.73640039
2021,7,1035727,311768,4837491,12,0.00914485,0.17109584,3.844000342,0.003232407,21.00040039
2021,8,1035783,435743,4930838,22,0.050094001,0.301554598,8.795081288,0.027951382,14.4382998
2021,8,1035829,434349,4930449,19,0.03170663,0.032626366,8.730856203,0.097547441,17.44619922
2021,6,1035851,576965,5032802,8,0.021228719,0.035804085,0.039863531,0.062469531,24.70490039
2021,6,1035857,575189,5048227,17,0.032964582,0.224569403,0.122144525,0.055365867,23.438
2021,8,1035869,612904,5041579,8,0.046459193,0.329659015,4.860165176,0.023220131,27.39869922
2021,7,1035873,586119,5049882,20,0.14796094,0.187846576,0.798764042,0.065763289,18.92409961
2021,7,1035887,660110,5113408,4,0.006334331,0.013857891,0.041877957,0.028796574,31.20040039
2021,7,1035890,663441,5106520,8,0.104270323,0.103965672,0.274087001,0,11.6457998
2021,7,1035909,578823,5052878,19,0.102987255,0.216696416,0.270725535,0.229738957,6.416330078
2021,8,1035941,354474,4862087,6,0.02510118,0.165200245,11.9445163,0.016386962,20.32890039
2021,5,1035947,463229,4954021,109,0.002642672,0.019501731,2.448940301,0.02545565,19.268
2021,8,1035979,507074,5008315,5,0.008461916,0.039914606,0.756487742,0.027954235,18.50519922
2021,8,1035999,476160,5016275,41,0.002654602,0.305068659,0.120570277,0.103066355,17.15419922
2021,7,1036005,440262,4963258,81,0.062758532,0.223219218,3.038509399,0.052111748,23.3705
2021,8,1036052,466507,5026546,32,0.041149408,0.016886451,0.077505086,0.048935747,14.6212998
2021,8,1036064,709773,5091017,14,0.047668561,0.305955302,0.494270468,0.005908944,24.59569922
2021,8,1036140,617131,5081464,5,0.002373107,0.196191553,0.2366845,0.132526504,20.10190039
2021,8,1036181,411236,4940763,20,0.019483024,0.348008063,4.791985756,0.050895404,21.7715
2021,9,1036227,496600,4956899,14,0.108228399,0.240539054,3.851796148,0.03545209,20.06990039
2021,9,1036313,405267,5074326,16,0.04724797,0.661031412,0.523668057,0.347184457,7.822149902
2021,9,1036361,574085,5024167,7,5.93E-06,0.0635158,0.434113209,0.008430799,19.57240039
2021,9,1036363,497976,4958600,13,0.499118259,0.186808498,2.054486054,0.021618389,22.36859961
2021,9,1036402,383558,5029961,6,0.016510864,0.416131125,0.027523884,0,21.94680078
2021,9,1036434,370198,4890273,16,0.125246219,0.334185743,2.190797759,0,16.3815
2021,9,1036446,379063,4916147,40,0.079038964,0.453636563,0.660544924,0.072796298,22.88259961
2021,9,1036484,462476,4946050,158,0.007640443,0.231650067,0.213082845,0.001124,16.216
2021,9,1036492,373669,4880811,17,0.018277993,0.272792632,1.192215878,0,9.655700195
2021,6,1036495,459951,4949372,173,0.017037087,0.097891473,3.85477322,0.027473952,18.81980078
2021,9,1036511,671340,5111950,9,0.002619857,0.235731976,0.47730041,0,25.56780078
2021,5,1036529,460324,4949180,172,0.013668543,0.102933099,3.448881593,0.036145219,14.5717002
2021,9,1036538,456632,4954268,196,0.030152918,0.197422068,8.043496843,0.053556337,28.9155
2021,6,1036543,445259,4959143,112,0.004513944,0.175109063,1.727615346,0.90226817,0.944448975
2021,6,1036551,457185,4952488,204,0.031036552,0.107613717,6.589619663,0.03583531,23.06530078
2021,6,1036559,458742,4948246,185,0.003748159,0.012306477,2.510169555,0.127706801,11.572
2021,6,1036583,436656,4967108,46,0.023081639,0.175522677,1.125977161,0.064067353,22.68330078
2021,9,1036617,560945,5013483,2,0.008132527,0.146482161,1.754201534,0.00915293,21.12109961
2021,9,1036662,469557,5062875,14,0.043708072,0.24910639,0.517370757,0.012975655,17.34980078
2021,9,1036677,351186,4940556,6,0.000358056,0.150462368,0.010151672,0.009850528,18.44969922
2021,7,1036694,526177,5063359,27,0.001527123,0.427800288,0.39962648,0.009067237,20.63230078
2021,5,1036695,522449,5058176,46,0.027269917,0.146582761,0.868066873,1.033827205,0
2021,5,1036699,527640,5042555,41,0.043896324,0.075067817,0.179634598,0.038478452,17.51090039
2021,5,1036700,541499,5042672,12,0.199832368,0.137839741,0.141561794,0.019588191,23.15819922
2021,5,1036705,527548,5049884,51,0.049306984,0.036874059,0.501213356,0.176940303,9.357879883
2021,9,1036773,473073,4944706,74,0.054450541,0.204021045,1.019643974,0.001706552,18.99480078
2021,9,1036799,478696,5021046,42,0.006562673,0.131302687,1.647413895,0.109424483,15.923
2021,9,1036813,482274,5024563,39,0.029777025,0.106206954,0.35647987,0.03084257,5.969930176
2021,9,1036818,521204,5042472,41,0.066271156,0.368816531,0.201798132,0.035080006,17.20659961
2021,2,1036835,447862,4956617,164,0.00045252,0.43970564,5.115092676,0.483072036,8.287379883
2021,10,1036957,474632,5007033,13,0.013677938,0.036928132,0.647507288,0.017769201,13.4407002
2021,10,1037029,439446,4957613,107,1.799122421,0.267853007,2.542960535,0.113036067,19.95830078
2021,10,1037121,452759,4964055,72,0.084449035,0.122919239,4.374088785,0,20.515
2021,10,1037171,637232,5084693,6,0.012975712,0.016269761,0.034027522,0.020488248,21.21719922
2021,9,1037206,444768,4970912,59,0.039610047,0.040383496,2.503188808,0.035911529,28.02990039
2021,9,1037207,458502,4952742,187,0.032526992,0.42091131,5.862631171,0.016881979,36.66860156
2021,9,1037208,440443,4954970,113,0.564102563,0.423666346,1.408560924,0,25.12869922
2021,6,1037209,461790,4950812,150,0.071181097,0.115945457,2.668546488,0.033671764,33.05280078
2021,10,1037260,477276,5023668,41,0.001248777,0.181066567,0.826910258,0.997338861,0
2021,10,1037326,444424,4965450,76,0.488037016,0.010396724,0.957716828,0.010562167,13.90559961
2021,7,1037491,385191,4954345,7,0.005813743,0.115302942,0.26543319,0.0150808,21.4685
2021,10,1037524,383344,4959095,6,0.274316615,0.130327914,1.178205536,0,15.99640039
2021,6,1037621,458470,4975994,22,0.263643698,0.289658726,0.802301674,0,20.94340039
2021,7,1037640,441016,4930711,38,0.04195978,0.209166496,9.081754647,0.155955273,15.8292002
2021,6,1037670,451308,4964687,68,0.030077522,0.066114379,4.160474672,0,13.7202002
2021,11,1037698,407151,4991798,28,0.018557398,0.095608483,0.677455998,0.02761325,8.205259766
2021,11,1037742,458658,4940129,158,0.7421057,0.175831681,4.909766616,0,23.92719922
2021,11,1037759,336783,4984749,24,0.024367898,0.038076941,0.389599957,0.018978007,22.422
2021,6,1037772,450582,4962481,87,0.031827739,0.777907256,6.467287618,0.055867714,12.0547998
2021,11,1037826,482463,5024558,39,0.003090915,0.076269379,0.219022003,0.205810006,5.824759766
2021,6,1037862,445992,4965152,75,0.017314613,0.067363435,1.366997022,0.264155921,20.02509961
2021,6,1037874,451752,4965985,68,0.20139749,0.054739456,2.8066492,0.231391287,12.21109961
2021,6,1037876,451308,4964687,68,0.030077522,0.066114379,4.160474672,0,13.7202002
2021,9,1037899,375440,4908788,33,0.080616749,0.722559503,1.453447503,0.012017295,28.34469922
2021,12,1038110,379870,4914189,43,0.000294692,0.061196934,0.544283864,0.085116094,25.73809961
2021,10,1038351,525118,5047759,51,0.055743621,0.533071717,1.690030453,0.034777525,17.5565
2021,9,1038352,522600,5033298,20,0.023751753,0.109137939,0,0.038563629,23.58890039
2021,9,1038357,521326,5045601,48,0.101688137,0.164685608,0.387506372,0.018300811,19.933
2021,10,1038363,517694,5038554,32,0.093103074,0.332000754,0.392287027,0.02593757,27.47030078
2021,9,1038364,496661,5071012,8,0.030544632,0.051462657,0.082104298,0.052089935,10.615
